,Unnamed: 0,Source,Target,Weight,Retweet,Reply,Quote,Mention
26969,26969,DBagDorsey,disclosetv,1,0,0,0,1
5521,5521,ThornieKate,DmytroKuleba,1,1,0,0,0
17741,17741,demirmadeni,SecBlinken,1,1,0,0,0
953,953,kaitlancollins,CNN,1,1,0,0,0
10878,10878,1878Star,DmytroKuleba,1,1,0,0,0
8708,8708,Putler39209436,business,1,1,0,0,0
25557,25557,GuerardJean,AmbDanFried,1,1,0,0,0
29315,29315,neocon4ronpaul,disclosetv,1,1,0,0,0
4862,4862,khagar,axelletess,1,1,0,0,0
10021,10021,KWojtalik,KyivIndependent,1,1,0,0,0
11754,11754,llpcfts,GlasnostGone,1,1,0,0,0
21790,21790,repairrestores1,SecYellen,1,1,0,0,0
16137,16137,ZoyaKhan3004,DmytroKuleba,1,1,0,0,0
9853,9853,mido_catic,disclosetv,1,1,0,0,0
2501,2501,lindamdoc,anneapplebaum,1,1,0,0,0
23240,23240,_SuperPiz,AP,1,1,0,0,0
26836,26836,Muhammad132129,ZaidZamanHamid,1,1,0,0,0
15709,15709,naturallaw2017,DmytroKuleba,1,1,0,0,0
27013,27013,kevinlouishill,GlasnostGone,1,1,0,0,0
14536,14536,cfrankde,SecBlinken,1,1,0,0,0
10443,10443,MaryMca41504364,trussliz,1,1,0,0,0
22979,22979,wrhaselrick,aintscarylarry,1,1,0,0,0
9062,9062,sgtpepanderson,DmytroKuleba,1,1,0,0,0
15891,15891,mikybartoli,DmytroKuleba,1,1,0,0,0
27014,27014,wb_bbc,YouTube,1,0,0,0,1
18422,18422,Cabinfever2019,GlasnostGone,1,1,0,0,0
11148,11148,FPKMkt,SecBlinken,1,1,0,0,0
1729,1729,CoenieMID,RusEmbEst,1,0,0,0,1
9436,9436,catlove73266659,trussliz,1,1,0,0,0
24435,24435,taiping2,DmytroKuleba,1,1,0,0,0
9910,9910,LastHobbit,CNN,1,1,0,0,0
9939,9939,jteurope,WarintheFuture,1,1,0,0,0
25461,25461,strongsmarthapy,YWNReporter,1,1,0,0,0
28068,28068,SusanScranton,business,1,1,0,0,0
20170,20170,FatooUsman,AJEnglish,1,1,0,0,0
18819,18819,TiaBruhn,funder,1,1,0,0,0
12933,12933,barbano_adre,trussliz,1,1,0,0,0
7605,7605,xlenm,SecYellen,1,1,0,0,0
25837,25837,bren_iean,DmytroKuleba,1,1,0,0,0
31512,31512,francis_scarr,BBCWillVernon,1,1,0,0,0
6265,6265,Sensibleplease,trussliz,1,1,0,0,0
11329,11329,BlazeWoods1,DmytroKuleba,1,1,0,0,0
17555,17555,peter_seals,DmytroKuleba,1,1,0,0,0
24753,24753,Outhere,DailyCaller,1,0,0,0,1
30216,30216,ladyinlksd,Liveuamap,1,1,0,0,0
16371,16371,ColleenLyon1,DmytroKuleba,1,1,0,0,0
28307,28307,Kiborgzzz,trussliz,1,1,0,0,0
24914,24914,AliAdemAhmed7,SecBlinken,1,1,0,0,0
14151,14151,andreaheute,anneapplebaum,1,1,0,0,0
14016,14016,Ow_My_Back_,nowthisnews,1,1,0,0,0
22414,22414,s_newton316,disclosetv,1,1,0,0,0
31900,31900,ashraffmk,washingtonpost,1,1,0,0,0
29090,29090,Dylan9ku,business,1,1,0,0,0
14137,14137,News_Flunky,SecBlinken,1,1,0,0,0
18185,18185,BischofMatus,EPPGroup,1,1,0,0,0
198,198,_theOutpost_,SecBlinken,1,1,0,0,0
14099,14099,MiObserver,trussliz,1,1,0,0,0
4024,4024,mijomojo1,washingtonpost,1,1,0,0,0
4177,4177,bettyp711,anneapplebaum,1,1,0,0,0
32769,32769,s_kpatel,vtchakarova,1,1,0,0,0
21527,21527,skolsister2017,DmytroKuleba,1,1,0,0,0
18277,18277,singerel,trussliz,1,1,0,0,0
14195,14195,styldoctor01,disclosetv,1,1,0,0,0
4034,4034,ContentTBA,Lawrence,1,1,0,0,0
2620,2620,always92234822,ChristopherJM,1,0,0,0,1
22652,22652,ayooladokun,trussliz,1,1,0,0,0
20182,20182,tokogriff_s,TheInsiderPaper,1,1,0,0,0
6658,6658,rita51110,SecYellen,1,1,0,0,0
656,656,giacrival,WarintheFuture,1,1,0,0,0
10383,10383,vivs1man,TheAtlantic,1,1,0,0,0
12348,12348,dkamac1,aintscarylarry,1,1,0,0,0
11603,11603,SChukut,trussliz,1,1,0,0,0
20420,20420,lapham923,56blackcat,1,1,0,0,0
32689,32689,ElmorBladeburn,GlasnostGone,1,1,0,0,0
6885,6885,MIRIAN342255665,trussliz,1,1,0,0,0
22463,22463,cgrapski,AFP,1,1,0,0,0
10285,10285,StevenG15689824,GineokwKoenig,2,0,0,0,2
17212,17212,SATYANA91119383,disclosetv,1,1,0,0,0
8719,8719,AdmiralGou,aintscarylarry,1,1,0,0,0
25686,25686,AlbertFiorino,BBCBreaking,1,1,0,0,0
7951,7951,realHirondelle,trussliz,1,1,0,0,0
21010,21010,IYI800,ZaidZamanHamid,1,1,0,0,0
31483,31483,venikravitz,trussliz,1,1,0,0,0
25670,25670,exclusivelyfer,Ukrainy_1991,1,1,0,0,0
11793,11793,jeremykearney,trussliz,1,1,0,0,0
20705,20705,janet_m_million,aintscarylarry,1,1,0,0,0
29553,29553,RemainSovereign,disclosetv,1,1,0,0,0
29298,29298,TheFamilyMan199,disclosetv,1,1,0,0,0
25032,25032,JayHare,dothaneagle,1,1,0,0,0
9718,9718,ChipEagle,TheAtlantic,1,1,0,0,0
5658,5658,LynnRoseberry,BillKristol,1,1,0,0,0
13288,13288,renjiaqi,DmytroKuleba,1,1,0,0,0
192,192,Avengethefa11en,SecBlinken,1,1,0,0,0
27827,27827,SnakeEtter,disclosetv,1,1,0,0,0
23286,23286,ChrisJustice01,washingtonpost,1,1,0,0,0
7453,7453,tdachev,DmytroKuleba,1,1,0,0,0
4003,4003,1Alexisrose,anneapplebaum,1,1,0,0,0
3648,3648,MattiTHeino,Lawrence,1,1,0,0,0
28406,28406,NinsiimaTracy,business,1,1,0,0,0
7418,7418,ManfredZlamala,anneapplebaum,1,1,0,0,0
