,Unnamed: 0,Source,Target,Weight,Retweet,Reply,Quote,Mention
465295,465295,CitoyensCitoye1,ericbrunet,1,0,0,0, 'mention': 1}
290818,290818,cbey42,handelsblatt,2,0,1,0, 'mention': 1}
128206,128206,FoudePicardie,lalibrebe,1,1,0,0, 'mention': 0}
256067,256067,cxar67,UAWeapons,2,2,0,0, 'mention': 0}
218840,218840,GoogeliArt,thedailybeast,1,0,0,0, 'mention': 1}
463615,463615,Jobie25104022,KingBobIIV,1,1,0,0, 'mention': 0}
385504,385504,tomtgr561,Dodie609,1,0,0,0, 'mention': 1}
14740,14740,Talulla56912811,GlasnostGone,1,1,0,0, 'mention': 0}
250893,250893,LuxandraV,tweet4anna,1,1,0,0, 'mention': 0}
401906,401906,ikrotenko,History_Ukraine,1,1,0,0, 'mention': 0}
408431,408431,2YC5M2nWBaIjwFJ,FreeSprayer,1,1,0,0, 'mention': 0}
482152,482152,MartinW64483707,BILD,2,0,1,0, 'mention': 1}
216293,216293,trident_citizen,ChristopherJM,1,1,0,0, 'mention': 0}
273140,273140,RolandQuadflieg,MelnykAndrij,2,0,1,0, 'mention': 1}
490550,490550,anotherjoseph7,ACTBrigitte,2,0,1,0, 'mention': 1}
194383,194383,raketenschnecke,LemarocN,4,0,2,0, 'mention': 2}
397030,397030,walidfarchi1,abdou7809,2,0,1,0, 'mention': 1}
397553,397553,TwisterDial,UROCKlive1,1,0,0,0, 'mention': 1}
467749,467749,MelissaJPeltier,KathyStickel,1,1,0,0, 'mention': 0}
422669,422669,cyahmkhwanazi,_Blindinho_,1,1,0,0, 'mention': 0}
30694,30694,KobewanO,KaravezicNenad,1,0,0,0, 'mention': 1}
139783,139783,angryrhyguy,GeneralKenny3,2,0,1,0, 'mention': 1}
141899,141899,_Credible_Hulk,ClintEhrlich,2,0,1,0, 'mention': 1}
304823,304823,frances26801599,MinistroEconom1,1,1,0,0, 'mention': 0}
399434,399434,Nin99410305,AZmilitary1,2,0,1,0, 'mention': 1}
291244,291244,Tianyu07289387,flightradar24,1,1,0,0, 'mention': 0}
381734,381734,SSpjuth,VolodymyrZolkin,2,0,0,0, 'mention': 2}
219469,219469,bjr1031,RedWingGrips,1,1,0,0, 'mention': 0}
392793,392793,WalterKovacs69,androo38,1,0,0,0, 'mention': 1}
363181,363181,LmNima,JeffDiamond3,1,0,0,0, 'mention': 1}
351663,351663,xprs1self,Andrew__Roth,1,1,0,0, 'mention': 0}
209581,209581,vv120907,andreibc,1,1,0,0, 'mention': 0}
175686,175686,CastleMassage1,shadowwolf541,1,1,0,0, 'mention': 0}
221328,221328,BrockSandiway,ianbremmer,1,0,0,0, 'mention': 1}
519937,519937,TareqShurrab,SkySportsNews,1,0,0,1, 'mention': 0}
30233,30233,StefanVerena,eric_hontz,1,1,0,0, 'mention': 0}
274058,274058,vybir1,DefenceU,1,1,0,0, 'mention': 0}
494541,494541,mariaro02308418,ZaidaCantera,1,1,0,0, 'mention': 0}
232363,232363,Theophi16234434,10DowningStreet,2,0,0,0, 'mention': 2}
33429,33429,andreaklima_,Ilhan,12,0,0,0, 'mention': 12}
313934,313934,lonlywalker,lonlywalker,1,0,0,1, 'mention': 0}
183149,183149,FelixBergsson,helgason_gunnar,1,0,0,0, 'mention': 1}
401185,401185,taeee95kim,crw4lin,1,1,0,0, 'mention': 0}
385773,385773,Gabriel_1612020,spectator,1,0,0,0, 'mention': 1}
5221,5221,MyDuckA,AzizBouderbala8,2,0,1,0, 'mention': 1}
200889,200889,docteurpepe,UKR_Report,4,0,2,0, 'mention': 2}
130031,130031,NanaGabi77,TimRyan,1,0,0,0, 'mention': 1}
221784,221784,fabiogard2,Limbolimbo18,2,0,1,0, 'mention': 1}
50328,50328,Toni00002,Biz_Ukraine_Mag,1,1,0,0, 'mention': 0}
341569,341569,cubomat,YouTube,1,0,0,0, 'mention': 1}
410985,410985,ceskoo_cz,vlvalek,2,0,0,1, 'mention': 1}
450006,450006,RamonElDUKE1,JOTACE7777,1,1,0,0, 'mention': 0}
310268,310268,fantomas78130,EmmanuelMacron,1,0,0,0, 'mention': 1}
63169,63169,MaxSveno,visegrad24,1,1,0,0, 'mention': 0}
43555,43555,Pfand7,UN_News_Centre,1,0,0,0, 'mention': 1}
281661,281661,Zulqurnain92726,HajrahKhan1234,2,1,0,1, 'mention': 0}
88784,88784,gorkhe_tweets,SamRamani2,2,0,1,0, 'mention': 1}
384810,384810,RogerSilver20,CottarelliCPI,2,0,1,0, 'mention': 1}
381569,381569,YanaKharkiv,BackAndAlive,1,1,0,0, 'mention': 0}
491767,491767,marco_disca,ArmoniosiAccent,1,1,0,0, 'mention': 0}
229878,229878,dedoDnb,mission_russian,1,0,0,0, 'mention': 1}
382043,382043,Flyspace2,YvesPDB,1,1,0,0, 'mention': 0}
130828,130828,AmirioTheGreat,KelleyBVlahos,1,1,0,0, 'mention': 0}
208543,208543,EmmasDogma,Gerashchenko_en,1,1,0,0, 'mention': 0}
343686,343686,shintomac,mcolbert80,1,0,0,0, 'mention': 1}
195974,195974,EstherJade8,CNEWS,2,0,1,0, 'mention': 1}
292894,292894,JenmaryGad77,SecBlinken,1,0,0,0, 'mention': 1}
229931,229931,SpringLeafWolf,YWNReporter,1,1,0,0, 'mention': 0}
190240,190240,langlois_manu,THEFLOWER008,1,0,0,1, 'mention': 0}
424342,424342,PaulineKuitert,joerichlaw,1,1,0,0, 'mention': 0}
501438,501438,_marlene1265,UnoNemoNessuno,1,0,0,0, 'mention': 1}
320908,320908,z3rOz3rO,snipper_z,1,0,0,1, 'mention': 0}
266505,266505,ElBirreteBlanco,josanz10,2,0,1,0, 'mention': 1}
77440,77440,ferpere60912071,Datoworld,3,1,1,0, 'mention': 1}
139999,139999,FlayDeni,SatellitePlanck,2,0,1,0, 'mention': 1}
199632,199632,es02452975,INFJLOVE,1,1,0,0, 'mention': 0}
196480,196480,cesc_james,ChristopherJM,2,0,1,0, 'mention': 1}
240200,240200,Boris87015236,Kasparov63,1,1,0,0, 'mention': 0}
144136,144136,JamesSpackman,Shatro8,4,0,0,0, 'mention': 4}
389306,389306,Harmonita_D2L,BIGredRaccoon,1,0,0,0, 'mention': 1}
65765,65765,jnestsku,AtteHarjanne,2,0,1,0, 'mention': 1}
190151,190151,GoexSascha,fdpbt,1,0,0,0, 'mention': 1}
161053,161053,fil_hak,Kasparov63,1,1,0,0, 'mention': 0}
353448,353448,chinmusic111,ThatGingerRob,1,0,0,0, 'mention': 1}
139002,139002,jenseitsvongut,aileastick1,1,1,0,0, 'mention': 0}
202544,202544,az_wanderer,MySharonaBrown,2,0,1,0, 'mention': 1}
479571,479571,Garymaxoliver,TimothyDSnyder,1,1,0,0, 'mention': 0}
72990,72990,MichaelGStefany,TheEconomist,2,0,1,0, 'mention': 1}
346675,346675,Maricel50694753,Dvdzov,2,2,0,0, 'mention': 0}
337339,337339,kraizyPaul,JoeyAkan,1,1,0,0, 'mention': 0}
48853,48853,Geffrey1347,456Nunya789,1,0,0,0, 'mention': 1}
414151,414151,the_ress_,GirkinGirkin,3,0,1,1, 'mention': 1}
242168,242168,Goefryz,ciudadfutura,1,1,0,0, 'mention': 0}
115145,115145,milcotto,TobiAyodele,1,0,0,1, 'mention': 0}
298390,298390,NoValueCapital,LivingInAFac,2,0,1,0, 'mention': 1}
141118,141118,tom04lv,alexstein99,1,1,0,0, 'mention': 0}
412855,412855,kettunen_outi,KyivIndependent,1,1,0,0, 'mention': 0}
478918,478918,Miniomaha,AdamParkhomenko,1,1,0,0, 'mention': 0}
200641,200641,lesleyanne14,carlbildt,1,0,0,0, 'mention': 1}
172242,172242,meronawit_Axum,desitay1,1,1,0,0, 'mention': 0}
